iter	RMSE
0	6.808906095
1	5.712128242
2	5.014699553
3	4.605207152
4	4.358828386
5	4.208866358
6	4.116400409
7	3.985289894
8	3.935502732
9	3.903796007
10	3.873966874
11	3.801038423
12	3.779242006
13	3.751638626
14	3.707641996
